ATCCTATTATTTTATTATTTTACGAAACTAAACAAAGGTTCAGCAAGCGAGAATAATAAAAAAAG,ATCCTGTTTTCAGAAAACAAGGGTTCAGAAAGCGAGAACCAAAAAAAGGATAG,ACTGTGAGAACGCTGCAAGCTCTCTGTACTGAGCCAGCTCTACTCG,AAATCCTGTTTTCCGAAAACAACCAAGGGTTCAGAAAACGATAATAAAAAAAG,ATCCTGTTTTCTCAAAACAAAGGTTCGGAAAACGAAAAAAAAG,AGAAAACAGGGCTATCAGTACAATGCACCTATAACAATAGGCAAGAACTGCTG,ATCACGTTTTCCGAAAACAAGCAAAGGTTCAGAAAGCGAAAATAAAAAAG,ATCCTGTTTTATGAAAATAAACAAGGGTTTCATAAACCGAAAATAAAAAAG,ATCACGTTTTCCGAAAACAAACAACGGTTCAGAAAGCGAAAATCAAAAAG,ATCCTGGGTTACGCGAACAAACCAGAGTTTAGAAAGCGG,ATCTTTATTTTTTGAAAAACAAGGTTTTAAAAAATAGAATAAAAAGG,ATCCATGTTTTGAGAAAACAAGCGGTTCTCGAACTAGAACCCAAAGGAAAAG,ATCCGTGTTTTGAGAAAACAAGGGGTTCTCGAACTAGAATACAAAGGAAAAG,ATCCTGTTTTCTGAAAACAAACAAAGGTTCAGAAAAAAAG,ATCCTTATTTTGAGAAAACAAAGGTTTATAAAACTAGAATTTAAAAG,ATCCTGTTTTCTCAAAACAAAAGTTCAAAAAACGAAAAAAAAAAAG,ATCCTATTTTACGAGAACAAAAACAAACAAGGGGTCAGAACGGGAGAAAAAAAG,ATCCATGTTTTGAGAAAACAAGGGGTTCTCGAACTAGAATACAAAGGAAAAG,AAATCCTGTTTTCTAAAAACAAATTAAGGGTTCATAAAGCGAGAATCAAAAAG,ATCCTGTTTTCCGAAAACAAACAAAGGTTCAGAAGGCGAAAAAAGG,ATCCTATTTTCCAAAAACAAACAAAGGCCCAGAAGGTGAAAAAAG,ATCCTGTTTTATTAAAACAAACAAGGGTTTCATAAACCGAGAATAAAAAAG,ATCACAGGAAATGGCGATTCCTTTGCGAAACGGCATGGCGTTGGCAACCAGATTGACCAGTACCGGCAATCCCTCCGCCATATCCGAAGTCAGATAGCGGCTGTCCGTGCGGG,ATCCTATTTTCTGAAAACAAATAAAGGTTCAGAAAAAAAG,ATCCTTATTTTGAGAAAACAAGGGTTTATAAAACTAGAATAAAAAAG,AAATCCCTTTTTTGAAAAACAAGTGGTTCTCAAACTAGAACCCAAAGGAAAAG,ATCCTGTTTTCCGAAAACAAAGAAAAGTTCATAAAGTGATAATAAAAAAGG,AATCCCGTTTTATGAAAACAAACAAGGGTTTCAGAAAGCGAGAATAAATAAAG,ATCCTGTTTTCTAAAAACAAATAAGGGTTCATAAAGCGAGAATCAAAAAG,CTCCTTCTTTCCAAAAGGAAGACAAAAG,ATCCGTGTTTTGAGAGGGGGGTTCTCGAACTAGAATACAAAGGAAAAG,ATCCTGTTTTCCGAAAACAAACAAAAGTTCAGAAAAAAG,CTCCTTTTTTCAAAAGCAAGAATAAAAAAAAAG,ATCATGTTTTCTAAGAACAAACAACGGCTCAAAAAAAAT,ATCCGTGTTTTGAGAGGGGGGTTCTTGAACTAGGATATAAAGGAAAAG,ATCCCGTTTTCTGAAAAAAAGAAAAATTCAGAAAGTGATAATAAAAAAGG,ATCCTGGGTTACGCGAACAAAACAGAGTTTAGAAAGCGG,ATCCTATTTTTCGGAAAACACGAGTTCAGAAAGCGAAAAAGG,ATCCTATTTTACAAAAACAAACAAAGGCCCAGAAGGTGAAAAAGG,ATCGCAGGAAATGGCGATCCCTTTGCGAAACGGCATGGCGTTGGCAACCAGATTGACCAGCACCGGCAATCCCTCCGCCATATCAGAAGTCAGATAGCGGCTGTCCGTGCGGG,ATCCTGTTTTCTGAAAACAAACCAAGGTTCAGAAAAAAAG,ATCCGGTTTTCTGAAAACAAACAAGGGTTCAGAAGGCGATAATAAAAAAG,ATCCTATTTTCCAAAAACAAACAAAGGCCCAGAAGGTGAAAAAGG,ATCCTATTTTTCGAAAAACACGAGTTCAGAAAGCGAAAAAGC,ATCCATGTTTTGAGAAAACAAGCGGTTCTCTAACTAGAACCCAAAGGAAAAG,ATCCGTGTTTTGAGAAGGGATTCTCGAACTAGAATACAAAGGAAAAG,TCGCTACGCCACCAGCAGTAGTATTAGAACTGGTTACATACG,AATCCTCTTCTCTTTTCCAAGAACAAACAGGGGTTCAGAAAGCGAAAAAGGGG,ATCCGTGTTTTGAGAAAACAAGGAGTTCTCAAACTAGAATACAAAGGAAAAG,CTCCTTTTTTCAAAAGAAAAAAAATAAGGATTCCGAAAACAAGAATAAAAAAAAAG,ATCCTTTTTTTTGGCAAACAAATAAAGATTCCGAAAGAAAAAGG,ATCCGTGTTTTGAGAAAACAAGGGGAATACAAAGGAAAAG,ATCCTGTTTTCCGAAAAGAAATAAAAGTTTAAAAAGTGATAATAAAAAAGG,ATCTTTATTTTTTGAAAAACAAGGGTTTAAAAAAGAGAATAAAAAAG,ATCCGTGTTTTGAGAAAACAAGGGGTTCTCAAACTAGAATACAAAGGAAAAG,ACTGTGAGAATGCTGCAAGCTCTCTGTACTGAGCCAGCTCTACTCG,ATCCGTGTTTTGAGAAAACAAGGGGTTCTGGAACTAGAATACAAAGGAAAAG,CTCCTTTTGTCAAAAGCAAAAAATAAAGATTCAGAAAGCAACAATAAAAAAAG,ATCTTTCTTTTTTGAAAAACAAGGGTTTAAAAAAGAGAATAAAAAAG,ATCCTTCTTTCTGAAAACAAATAAAAGTTCAGAAAGTGAAAATCAAAAAAG,ATCCTGTTTTCCCAAAACAAAGGTTTCAAAAAACGAAAAAAAAAG,ATCTGTGTTTTGAGAAAACAAGGGGTTCTCGAACTAGAATACAAAGGGAAAG,AAATCCTTTTTTTCGAAAACAAACAAAGATTCAGAAAGCGAAAATAAAACAAG,ATCCTTTTTTCTCAAACAAAACAAAGGTTCAAAAAACGAAAAACAAGG,ATCCTATTTTCCAAAAACAAAGAAAAGTTCAGAAAGCGAGAATAAAAAAAG,ATCCTGTTTTCTGAAAACAAAGAAAAATTAAGAAAGTTATAATAAAAAAGG,ATCACAGGAAATGGCGATTCCTTTGCGAAGCGGCATGGCATTGGCAACCAGATTGACCAGCACAGGCAGGCTTTCAGCCATATCGCTCGTCAGATAGCGGCTGTCCGTGCGGG,ATCCGTGTTTTGAGAAAACAAGGGGTTCTCGAACTATAATACAAAGGAAAAG,ATTCAACAATTCGCTGCTTTGTTATCTA,ATCACGTTTTCCGAAAACAAACAAAGGTTCAGAAAGTGAAAATCAAAAAG,TGGGACAGCAGTCTTCGTGATCATGCCGTAGTAGGTGCCGACATTCTACTTTCGGAGAGCCTTTG,ATCCTGTTTTCCCAAAACAAATAAAACAAATTTAAGGGTTCATAAAGCGAGAATAAAAAAG,ATCCTGTTTTCCGAAAACCAAGAAGAGTTCAGAAAGCGCGAATAAAAAAAG,AATCCCGTTTTATGAAAACAAACAAGGGTTTCGGAAAGCGAGAATAAATAAAG,TCGTGAAGCGAATCAAAGC,ATCACAGGAAATGGCGACCCCTTTGCGAAACGGCATGGCATTGGCAACCAGATTGACCAGCACAGGCAGGCTTTCAGCCATATCGCTCGTCAGATAGCGGCTGTCGGTGCGGG,TCTGCGCAACTGCCGAGTGCCACGCCAGAACCTG,AATCCCGTTTTATAAAAACAAACAAGGGTTTCAGAAAGCGAGAATAAATAAAG,ATCCTTTTTTCCGAAAAAAAAG,ATCCTGTTTTCTGAAAAAAAGAAAAATTCAGAAAGTGAGAATAAAAAAGG,ATCACGTTTTCCGAAAACAAACAAAGGTTCAGAAAGCGAAAATAAAAAAG,ATCCTGTTTTCCCAAAACAAAGGTTTCAAAAAACGAAAAAAAAG,AAATCTCTATTTTGAAAAACAAGTGGTTCTCAAACTAGAACCCAAAGGAAAAG,ATCCTTTTTCCGAAAACAAAAAAAG,TCGCCATGCCTCCCCGAAGTTGGTAGCAAACAGCCCCATCAGGA,GAAAGATATTCGTGAAATATCGAAGTGCATGGGCAGAACCAATGGAGTATCTTTCTCCAATAGTCATGCTGGA,ATCACAGGAAATGGCGATCCCTTTGCGAAATGGTATGGCGTTGGCAACCAGATTGACCAGCACCGGCAGTCCCTCCGCCATATCCGAAGTCAGATAGCGGCTGTCTGTTCTGG,ATCCATGTTTTGAGAAAACAAGAGGTTCTCGAACTAGAACCCAAAGGAAAAG,ATCCTGGGTTACGCAAACAAACCAGAGTTTAGAAAGCGG,ATCCCTTTTTTCATTTTAAAAACAAGTGGTTCTCAAACTAGAACCCAAAGGAAAAG,ATCCGTGTTTTGAGAAAACAAGGGGTTATCGAACTAGAATACAAAGGAAAAG,ATCCTTTTTTTTTTTTTGGCAAACAAATAAAGATTTTGAAAGAAAAAGG,AATCCTGAGCAGGAGCAAGCAGTTAAACATTTTAAGGGACCACTTCTGATCTTA,GGAAAAGCTGGAGGCCTTCATCCAGGAGCACGGGGTGGACTCCATCG,ATCTTTATTTTTTAAAAAACAAGGGTTTAAAAAAGAGAATAAAAAGG,ATCCTATTTTACGAGAACAAAAACAAACAGGGGGTCAGAACGGGAGAAAAAAAAG,ATCCTATTTTTTGGAAAACACGAGTTCAGAAAGCGAAAAAGG,ATCCTATATTTCGGAAAACACGAGTTCAGAAAGCGAAAAAGG,ATCCTATTTTATGAGAACAAAAACAAACAAGGGGTCAGAACGGGAGAAAGAG,GTCGGCAGGTCA,ATCTTGTTTTCCGAAAACAACCAAGGGTTCAGAAAACAATAATAAAAAAGG,ATCCTGTTTTCTCAAAACAAAGGTTCAAAAAACGAAAAAAAAAAAG,ATCCTATTTTTCAAAAACAAAGGCCCAGAAGGTGAAAAAG,ATCCTTTTTCCGAAAAAAAAAAAGG,ATCCATGTTTTGAGAAAACAAGCGGTTTTCGAACTAGAACCCAAAGGAAAAG,ATCCTGTTTTACGAAAACCAACAAAACAATAAGGGTTCAAAAAGCGAGAATAAAAAAAGGATAG,ATCCTAGGTTACGCGAACAAACCAAAGTTTAGAAAGCGG,ATCCTGTTTTCTGAAAACAAAAGAAAAGTTCAGAAAGAAAGTGATAATAAAAAAGG,GGCAAGCTGAGCCTGCGCATCGGCAAGCTGCTGCTGC,ATCCTATTTTTCGGAAAACACGAGTTCAGAAAACGAAAAAGG,AATCCTGAGCAGAATGGTGCGGGTGCCATCGGAGAGAGCCGAGATGCCCGGCA,ATCCTTAAGTGAAAATCAAAAAAG,CTCCTTTTTTCAAAAGCAAAAATAAGGATTCAGAAAGCAAGAATAAAAAAAAG,CTCAAGAAGGAGTACGTCGAAGAATAAATAAGAAAACGGTACAAGGCCGCTCCCGTGC,GAGCGATGCCGTCTATCTGGCCGAGTATCTCTACAAAAACCACATGCGCCCCGAGCAGGTGCAGA,ATCCTAGTTTTCGGAAAACACGAGTTTAGAAAGCGAAAAAGG,GCTATCGAAAGTAAATAGAAGTAGATA,ATCCTGTTTTCCGAAAACAAAAAAGATTCATAAAGACAGACTAAAACAG,AAATCCTGTTTTCCGAAAACCAAGAAGAGTTCAGAAAGGGAGAATAAAAAAAG,ATTCTATTTTTCAGAAAACACGAGTTCAGAAAGCGAAAAAGG,GCCAAATCCTTTTTCCGAAAACAAAAAGAAAAAGG,ATCATGTTTTCCGAAAACAAACAAAGGTTTAGAAAGCGAAAATCAAAAAG,ATCCTGCTTTCGGAAAACAAACAAAAAAAGTTCAGAAAGTTAAAATCAAAAAAG,ATCCTATTTTACAAAAACAAACAAAGTCCCAGAAGGTGAAAAAGG,CTCCTTTTTTCAAAAGCAAAAAAAGAAGGATTCCGAAAGCAAGAAAAAAAG,ATCCTATTTTCTGAAAACAAATAAAGGTTTAGAAAAAAAG,ATGCCGATCTCCTTTACGCAGGCAGCGCTCGGCGCGACGATCGAGGTACCGACGTTAGACG,GCTTATAAAATCGCATAAAAGTATATAA,ATCCTATTTTCCAAAAACAAACAAGGGCCCAGAAGGTGAAAAAAG,ATCCTGTTTTCTCAAAACAAAAGTTCAAAAAACGAAAAAAAAAAAAAG,ATCTTGTTTTATGAAAATAAACAAGGGTAAACCGAAAATAAAAAAAG,AAGAACAAAGCTGGGGTGGAGAGTTCTGTAGATGTCTATTAGGTCT,AAATCCTGTTTTCTGAAAACAAAGAAAAGTTCATAAAGTGATAATAAAAAAGG,ATCTTGTTTTCTGAAAACAAAGGTTAAAAAAAAAAG,CGTCGGCAGTGTCA,CGACCGGAGGATTTACAGGACGAAATAACCGCTTCCGCACATCAGATCTGTTATGAAGAGAATCAGTTGAAGGCATTTGTTGACCTGCGGGAGAT,ATCCTATTATTTTACGAAAATAAACAAACAAAGGTTCAGCAAGGGAGAATAAAAAAAAAAG,ATCCTGTTTTCCGAAACCAAAGGTTCAGAAAGTGAAAAAGG,ATCCTGGTTTACGCGAACAAACCGGAGTTTACAAAGCGCGAAAAAAGG,CCAGTATTGTTCTTCTTCTCAGGTAAGGCTCACCCAGCT,ATCCTTGTTTTGAGAAAAAAG,ATCCTATTTTTCGGAAAACACAAGTTCAGAAAGCGAAAAAGG,AGGATTGGCCTGAGAAGGGATCAAACTGT,ATCCGTGTTTTGAGAGGGGGGTTTTCGAACTAGAATACAAAGGAAAAG,ATCCGTGTTTTGAGAAAAAAAGGGGAATACAAAGGAAAAG,AGTGCTGCTGAGCATAGTGCAGGCTCTTCTTATTCGGCATTGATTTATGTACCCGATTACCGATGTGCCTGTTTCTTCCTTAAAAAGGCGGTAAA,ATCCTGGTTTACGCGAACAAACCGGAGTTTACAAAGCGAGAAAAAAGG,ATCCTTTTTCCGAAAACAAAAAAAAGG,ATCCTATTTTACAAAAACAAAGAAAGGCCCAGAAGGTGAAAAAGG,GCTCGCCGAAGGCAGGTTGAAGAACCGGTAGGCGA,ATCTGTTTTTTTTTAAAAAATAAGTGGTTCTTAAACTAGAACCCAAAGGAAAA,GCCTTATAATAAAG,ATCCTTCTTTCCGAAAACAAATAAATAAAAGTTCAGAAAGTTAAAATCAAAAAAG,ATCCGTGTTTTGAGAAAACAAGGGGTTCTCGAAATAGAATACAAAGGAAAAG,ATCACGTTTTTCGAAAACAAACAAAGGTTCAGAAAGCGAAGATAAAAAAG,ATCCTGTTTTATGAAAACAAACAAGGGTTTCAGAAAGCGAGAATAAATAAAG,ATCTTGTATTATTCGGATGAATTTCGGGCGATGAGGCGA,ATCCGTGCTTTGAGAAAACAAGGGGTTCTCGAACTAGAATACAAAGGAAAAT,ATCTGGTTTCTAGGAGCAAAAGTTTTCCTCCTAGAGAGG,ATCCGGTTTTCTGAAAACAAACAAGGATTCAGAAAGCAATAATAAAAAAGAATAG,GCCTTATAGGGATATAAG,ATCACGTTTTCCGAAAACAAACAAAGGTTCAGAAAGCGAAAATCAAAAAG,ATCCTGTTTTCCCAAAACAAAGGTTCAGAAAGAAAAAAG,ATCCTGTTTTCCGAAAACAAACAAAGGTTCAGAAAAAAAG,TGCCAGTCAGGTGTTTTTTATGCCGCTTCTCGGCATCGTGACCGGAGCTCAGCCGCTGCTCAGCTACAAT,ATCCTATTTTCCAAAAACAAACAAAGGACCAGAAGGTGAAAAAGG,ATCCACTTTTTTCAAAAAGTGGTTCTCAAACTAGAACCCAAAGGAAAAG,ATCCTGTTTTCTCAAAACAAACAAAGGTTCAGAAAAAAAG,ATCCGGTTTTCTGAAAACAAACAAGGATTCAGAAAGCAATAATAAAGGG,CTCCTTTTTTCAAAAGCAAGAATTAAAAAAAAG,ATCCTATTATTTTACGAAAATAAACATGAACAAAAGTTCAGCAAGCGAGAATAATAATAATAAAAAAAGGAAAG,ATCCATGTTTTGAGAAAACAAGTGGTTCTCGAACTAGAACCCAAAGGAAAAG,ATCCTTTTTTTTTTTTGGCAAACGAACAAAGATTCCGAAAGAAAAAAG,ATCCGTGTTTTGAGAAAACAAGGGGTTCTCTAACTAGAATACAAAGGAAAAG,ATCCTGTTTTACTAGCAGTTCAAAAAGCAATAAAAAAATAG,ATCTGTGTTTTGAGAAAACAAGGGGTTCTTGAACTAGAATACAAAGGAAAAG,ATCCTATTTTTTTTACGAAAACCAACAACAAGGGTTTAGAAAGCGAGAATAAAAAAG,ATCCTTTTTCCAAAAACAAACAAAGGTTCAGAAGGTGAAAAAG,ATCCATGTTTTGAGAAAACAAGCGATTCTCGAACTAGAACCCAAAGGAAAAG,ATCTCGATTTCTAGAGAAAGG,CGTCGACAGCGTCA,ATCGCAGAAAATGGCGATCCCTTTGCGAAACGGCATGGCGTTGGCAACCAGATTGACTAGCACCGGCAGGCTGTCTGCCATATCGCCGGTCAGATAGCGGCTGTCAGTACGGG,ATCCGTGTTTTGAGAAAACAAGGTGTTCTCGAACTAGAATACAAAGGAAAAG,CTCCTTTTTCAAAAGTAAAAAAAAATACGGATTCAGAAAGCAAGAATCAAAAAAAG,AATCCTGAGCGTCAAGGGCCAGGGCCGCCGCTGATATGGCGTCCTTGTTTGAAGCCTACATCACCAACCTGGGAAAATACAACGAGGGCGAGCTGGTCGGTGAAACCTTGAAATTCCCCACTACCACGGA,ATCCTGTTTTCAGAAAACAAGGGTTCAGAAAGCGAGAACCAAAAAAGG,ATCCTGGGTTACGCGAACAAACCGGAGTTTAGAAAGCGAGAAAAAAAGG,CATAAACTGGTAGCGACCGGCACCACCGGTAAACTGATCGCAGAAGCTACCGGCT,auc,iteration,label
2.5315791163622663,1.3250071858956756,0.9693949034999103,0.8034141299522285,0.7158315666621753,0.6354537357647462,0.5626772642716029,0.5560267034599481,0.5274887937669963,0.4296797393052042,0.40521442282051523,0.35235737473581197,0.3484918891147588,0.3257818006225518,0.29615673604230497,0.24838030653282528,0.24580136538289582,0.22705006723013768,0.21502143654120368,0.2064585029125459,0.1998168805762371,0.19787819352974687,0.17199301225106156,0.16995050144128604,0.16437471607764315,0.1564023576313508,0.1556112622686456,0.15542777354013054,0.1549476086261149,0.1511995960068882,0.14886437078828274,0.14009961701070917,0.12936603675962854,0.12729827012891526,0.12410232540406452,0.11646047666808725,0.10868801290666277,0.1077386147735993,0.10610430269713632,0.1017331173978502,0.09758785904586664,0.0970204468827857,0.09587025864182021,0.09271766414459261,0.08502131975415335,0.08370139796130643,0.08261588899205212,0.0710751932748303,0.06927705560101528,0.06792805840392048,0.06248867289100026,0.062486115094826516,0.05763919084609623,0.057549791144528004,0.05316768442404184,0.05270830280830281,0.05141211361737678,0.049374603174603175,0.04614907706672413,0.044950026581605525,0.04441269841269842,0.03886248313090419,0.03718981924508241,0.0349925185925186,0.03354415954415954,0.03256590076590076,0.03120997553171467,0.028244260979245497,0.024005128205128207,0.02388888888888889,0.022820500658761532,0.022234606123151018,0.021756043956043962,0.01874153611094787,0.017709090909090907,0.017365686274509805,0.017353438914027148,0.01693333333333334,0.016708695652173915,0.01659897435897436,0.016145658263305326,0.015466666666666667,0.015051948051948054,0.014857142857142857,0.014714285714285713,0.014619047619047615,0.014581196581196582,0.014409090909090908,0.013538461538461541,0.013538461538461541,0.013432567432567431,0.013216117216117217,0.013105263157894736,0.01231884057971014,0.011733333333333333,0.011714285714285714,0.011571587832457396,0.011328205128205126,0.011100649350649352,0.011055555555555555,0.011045665634674922,0.010987012987012988,0.010935652173913044,0.010597554492291337,0.010222222222222218,0.01,0.00988888888888889,0.009714285714285715,0.0094,0.00935897435897436,0.009,0.008792207792207792,0.008666666666666668,0.008,0.007333333333333333,0.007228571428571426,0.006835897435897437,0.0066666666666666645,0.0065,0.0065,0.006456140350877194,0.0064285714285714285,0.0064,0.0064,0.00625,0.0060952380952380945,0.005866666666666667,0.005333333333333334,0.005333333333333334,0.005333333333333333,0.004740740740740741,0.004,0.0038333333333333357,0.0038095238095238104,0.003799999999999997,0.0037894736842105274,0.0036923076923076935,0.0036000000000000016,0.0035,0.0035,0.003428571428571429,0.003428571428571429,0.003428571428571429,0.003333333333333334,0.003333333333333334,0.003333333333333334,0.0032,0.003,0.003,0.003,0.003,0.0026666666666666666,0.0026666666666666666,0.0026666666666666666,0.002,0.0017777777777777785,0.0011333333333333328,0.0010666666666666665,0,0,0,0,0,0,0,0,0,0,0,0,0,0,0,0,0,0,0,0,0,0,0,0,0,0,0,0,0,0,0.75,1,group
0.129254948972596,0.19239445514228123,0.21248923693112068,0.11754727781796746,0.06500028880648076,0.13094258712137832,0.11339380946416644,0.07900025014426637,0.1035485868832858,0.07477436267436266,0.11885997001792925,0.10027787139792957,0.0788780893824372,0.1042114996114996,0.08770687565123052,0.1315418517625414,0.12786229498032423,0.1366801596276323,0.12782416320026121,0.0653244678297122,0.08906328900984074,0.05251149277453624,0.10032233235801792,0.08653634394279554,0.1053933965066193,0.06074957613943415,0.09947395382395383,0.0674077811077811,0.11745589076804991,0.06335854242077153,0.05671155396853338,0.09822837278672128,0.06345459370351011,0.07495046668502797,0.06797294340805726,0.0996189615985364,0.0663752602176386,0.05956204935415463,0.0967351780921355,0.09357049922879145,0.0626083084846842,0.12798121618870345,0.06971344596322109,0.11214715179213633,0.09341746259508849,0.16438762945206095,0.1386788044898571,0.0539102009102009,0.044765766131013796,0.10020883474259154,0.11210753764415093,0.10663211285671734,0.08707830639272066,0.049467721494649966,0.09510202263366564,0.03712525252525252,0.03672047281065514,0.1328412816290643,0.06576519665519666,0.06338485244989496,0.08889285805557151,0.10219519039440816,0.11296843464357692,0.06785132956273619,0.08167488782169043,0.10057520585981546,0.07386731003912501,0.08664313725490197,0.05083920774787647,0.06134979984706152,0.09143045479211638,0.07978790594697176,0.07937903595690744,0.09562812543375157,0.08944344993385242,0.07012372119550937,0.10433127728705817,0.07469712789158792,0.10529943822472083,0.10440612635558458,0.13850213069988218,0.08294997278593276,0.05683732204980863,0.05393606952628689,0.15119072189555302,0.07662193218943729,0.059935276218034836,0.11884907110919282,0.06866147741147742,0.08196669377975027,0.11595643317058207,0.11030947141969391,0.05542690267958809,0.09073069246428382,0.15495469015939295,0.1068603602823267,0.05252141518612106,0.05890647617121476,0.08512480586038461,0.10978814070402002,0.11678603687903143,0.07277480812263422,0.07061989160265023,0.12160953948752132,0.08210921350715006,0.09040059224667385,0.10093204221924086,0.11764561475107223,0.11286197920853093,0.08502702319030508,0.08524380726988537,0.09448215976975567,0.05736659480870007,0.15026952300517515,0.09587564493863604,0.06710695863452348,0.10383835157041986,0.09187988345242348,0.10214606586224233,0.12648425070137717,0.09521471237306083,0.11504622150430939,0.0911710480094381,0.08657987501273945,0.10190298022892678,0.09140923724266677,0.047843500621242555,0.14013936863990314,0.05506777439439727,0.10700438094875478,0.10479557590079631,0.07340274325038781,0.02804162278139738,0.11729590875689276,0.13001813964728762,0.10539829522730451,0.09584071233808446,0.08350829417213856,0.13454733712323946,0.03174621401989823,0.13422419445135253,0.11776638308478088,0.09922023014451335,0.08981435617522572,0.12797516098609515,0.08176595288883916,0.1006897784909038,0.05784783634665986,0.05966886024520207,0.09734300003402171,0.09308686839476311,0.09167504970662864,0.06762241477251618,0.08727804372382376,0.06425313417621399,0.08366307838958613,0.038104042362865895,0.10127316007755201,0.07962064008788147,0.07406178017729169,0.09526631658611928,0.10237787372586134,0.0656127345164968,0.08974063605990583,0.1251092128249149,0.07832095321707651,0.12590514939899178,0.08207032356275003,0.11656379008561672,0.05250332251018749,0.08693904013522036,0.07917706013456788,0.08276866737077963,0.08170839047827412,0.10887001468030877,0.085480053847636,0.05931396409221237,0.08585259224454757,0.11613702893738367,0.09591290265290266,0.09786457339567449,0.09232814686734125,0.10952181278675557,0.12580045414280708,0.09759366622369717,0.05043381813211035,0.07176746423973751,0.05013785473785475,0.25,2,group
0.20576045637864018,0.26846787362889124,0.2359513718519283,0.09557151326821954,0.09825748677213571,0.1699009930059259,0.13306818465847367,0.12108682225247215,0.08783427935475183,0.12768785758797357,0.18455835824780678,0.06952957677558953,0.10965213646575875,0.1531090705027188,0.15379081353431925,0.07586602576409172,0.06535700055855662,0.15713041759871058,0.17440697967501206,0.09959039147232698,0.09215258589053937,0.12427862676075783,0.1198736002097632,0.0684222738216497,0.09062130245233693,0.14297303600710723,0.08723459501562845,0.0839655494156508,0.061222587741897205,0.08359907511088692,0.07744108569389875,0.0982466257134678,0.029353823953823948,0.12297599990368573,0.10274801887756572,0.061728471676603225,0.0535704473701916,0.05044444444444444,0.09065705621537935,0.04217554571032832,0.0697626521741073,0.1024409917540281,0.10065106328501469,0.10099959475517511,0.0852204664100949,0.1804265477039044,0.08502325341136081,0.05681955561444225,0.05867514517362931,0.07241117056634298,0.13703840560659786,0.11745894382921236,0.0637781870176607,0.12301025029312283,0.11132048322347149,0.07806601016649407,0.06050038197097023,0.12398157176176695,0.07650761737033404,0.04823833603616884,0.1160091112297264,0.07008049295046198,0.08119611274344077,0.04197056277056277,0.052264614796967736,0.0685899322899323,0.07735116365116367,0.09162717928213285,0.12950186366491603,0.1121387513702277,0.10994970026711243,0.09065276348597445,0.09212433897959517,0.07727490287490288,0.06235910881233462,0.08120648770791186,0.07355601731601728,0.05214793886310914,0.10177006599638179,0.12550981411926493,0.0675266984305684,0.0756115039549822,0.06433738740791373,0.06792492093069971,0.06617400791397339,0.10592366431476653,0.06737852803533244,0.08099957124334935,0.05920951776122054,0.08488152873270519,0.11143737191207337,0.07455280282146907,0.10025225233703491,0.10213969808780608,0.12012543855275852,0.07300708267767089,0.09772272426097704,0.06368042045454321,0.06734075686212691,0.06484341677265018,0.09382216244798919,0.10512497997224203,0.06445968064331235,0.049393545345437946,0.10384322344322346,0.0898997907609395,0.08961645860533328,0.13354454279862848,0.09367500143233581,0.0765434065281124,0.07813783561670942,0.13200867659431598,0.07393395063941849,0.10117929532455847,0.09609457482155576,0.11549617876487442,0.0809042044262876,0.08184088854064828,0.12797708243225486,0.07092718861475807,0.08925509502238538,0.10490484008033528,0.1206052065638753,0.05559589621847686,0.08548830500681681,0.06227865503034918,0.07072039627039627,0.08238087065301755,0.07693055480810898,0.08405860416588185,0.10985253287442194,0.08889133949945205,0.078408813812979955,0.10946009969146889,0.11393813580182001,0.09736643583999127,0.09952874824521882,0.10811600735155721,0.08621909439192048,0.08051744395954923,0.05988222926498788,0.08300327114487294,0.09779634262915946,0.0793891780733886,0.12236088460570133,0.09715057732935492,0.07150442074029031,0.07840310503890267,0.08554348019130625,0.14175458730847743,0.07296775977645541,0.10115227235776866,0.08842241720579316,0.08961997442975704,0.07218351838441973,0.08636252204967378,0.10074010405471386,0.10161281973904093,0.12946102224801914,0.09750669794788454,0.04357982911481363,0.08104263525836881,0.08101751535672119,0.09286842495997294,0.05615150801408865,0.08014697884759589,0.10173997369881134,0.04712025537186828,0.044651383527448435,0.06207861811391224,0.06940765993265995,0.1224178364450743,0.06574947240825799,0.08064538442238903,0.11836704342568187,0.11488793296629685,0.06899092205285755,0.11143185840152886,0.08159166509818683,0.08398681318681318,0.06524279578321161,0.05090185370185369,0.08139210776435842,0.044208310746700834,0.05630869350214927,0.07536043832901419,0.08347234128101001,0.09198405907130368,0.5,3,group
1.3636690936421412,1.3086462686825278,2.180827123594371,0.2603169291433433,0.41246863197646083,0.12486655063463238,0.19984638423945456,0.3371483669184746,0.34007433097791906,0.34698316531426776,0.3708379099131825,0.2386537202674085,0.152598062470962,1.0155109081913942,0.7460618203330278,0.15228437522321672,0.040360052910052915,0.14824409965498253,0.30753765972330505,0.05816229986731535,0.11513500119927633,0.06552423996711923,0.36829856529829624,0.14854659493674835,0.3127185311418493,0.11534322363796047,0.07678412412606256,0.060226551226551225,0.3799743864245281,0.14648749823445473,0.08677303313697712,0.053946715106931824,0.05605117964251091,0.18781303499368013,0,0.17313654371582762,0.055101950441087615,0.05547539366200623,0.07153100764732344,0.08338530825988896,0.0785593897010992,0.007033333333333336,0.04332250322776638,0.5020340294201365,0.010858145363408525,0.035920346064847335,0.3624267923353351,0.13743155926408587,0.052228445472656,0.027404917522564583,0.12781668509745642,0.20781828747741793,0,0.12432516063188982,0.05550495334730628,0.022007902097902092,0.0105,0.10975287144869258,0.5390114578423096,0.03311764723698757,0.00941739130434783,0.0026666666666666666,0.01984,0.018161904761904765,0.01432722832722833,0.05253335529205094,0.006496240601503757,0.018285714285714284,0.006638095238095244,0,0.009068571428571431,0.011380952380952379,0.003636363636363637,0.010991228070175442,0.014736842105263158,0.011085764809902744,0.006857142857142858,0.015523809523809523,0,0,0.3289810408930437,0.0032,0.019412698412698413,0.00962525879917184,0.04526694522868435,0.04213816425120773,0.0960137741028359,0,0.0078,0.00702857142857143,0.009666666666666667,0.005171717171717169,0.01993121693121693,0.0171037037037037,0.006545454545454545,0.005,0.11884543988339925,0.0035,0.037466614866614865,0,0.0960523219869027,0.010026666666666666,0,0.030948629148629146,0,0.0065,0.003428571428571429,0.003333333333333334,0.003636363636363637,0.007151515151515154,0.009333333333333334,0,0.03422698412698412,0.0026666666666666666,0,0,0.0128,0.00375,0,0.03729824561403508,0.010444444444444445,0,0,0.010305555555555556,0.038710683760683755,0,0,0,0.006,0,0.008666666666666666,0,0.016825210084033614,0.014744615384615386,0.014222222222222228,0.023191919191919194,0.015833333333333335,0.017851851851851848,0.0062,0.018101010101010104,0.005714285714285713,0.0032,0.00375,0.014187739463601532,0.026172532781228434,0,0.010380952380952383,0.01607729468599034,0.005333333333333333,0.006329670329670328,0.007,0.022461279461279456,0,0.003428571428571429,0.004666666666666666,0.01704761904761905,0.02145325434799119,0.008727272727272726,0.021986690865093767,0.009712374581939798,0,0.00525454545454545,0.012359943977591038,0.01390485829959514,0.020345962732919262,0.010909090909090906,0.003333333333333334,0.022365022530751438,0.0032,0.009695238095238095,0.0032,0.02597005702662453,0.009463203463203463,0.008727272727272726,0.018166666666666668,0.04344571428571429,0.011692307692307693,0.0067555555555555554,0.026529366895499618,0.035841272964035116,0,0.006733333333333334,0.003733333333333334,0.003428571428571429,0.005714285714285713,0.03355003450655624,0,0.012698412698412704,0.44,4,group
2.84353726922344,0.31291138849110983,1.8436190063254483,0.7886607334355585,1.513228304533683,0.6699173418897999,0.5111670224757455,1.31746727490021,0.08534334379917904,0.16453090786072883,1.3971472969764918,0.48425239716015595,0.11610141053773307,0.182270748196181,0.16263601373375233,0.13154036825959026,0.16304979291524047,0.03715340852130326,0.4732298452688081,0.07090214487431475,0.08712525819553685,0.08197682428682428,0.25961012014250634,0.14356315041613735,0.024086635586635586,0.08082792521488176,0.047392186526923376,0.0625899193170091,0,0.07472678054634577,0.23780596863853162,0.033118241235888295,0.07763016932813674,0.0026666666666666666,0.11669602651776566,0.11929035530892179,0.02116542485647345,0.07765102893208155,0.07019395706968731,0.06396597608510651,0.1097142668264865,0.04663385503385503,0.04738749613557798,0.09211668524712002,0.04040244387610116,0.07356801215565519,0.1015575609464665,0.027388386975343498,0.022504545454545447,0.1377401561112432,0.07556382717042161,0.02913504273504274,0.0065128205128205125,0.19537528477317173,0.00381818181818182,0.03769938860041162,0.009200000000000002,0,0.17071097283282888,0.061866462387515,0.05114162578162578,0.026511111111111107,0.012978467908902698,0.010058823529411764,0.007589473684210524,0.021135839598997494,0.01858730158730159,0,0,0.005866666666666667,0.003,0.010775757575757574,0.010266666666666667,0.006666666666666668,0,0.019472180451127818,0.006,0,0,0.00375,0.2116040376404678,0.00381818181818182,0.01434947368421053,0.009066666666666666,0.05791848065660826,0,0.025040000000000007,0,0.019673260073260073,0,0.011764705882352943,0,0.006222222222222221,0.020347826086956525,0.0032,0,0.03442632963871354,0.0242,0.04287370238457196,0,0.022671497584541057,0.003714285714285715,0,0.011262820512820515,0,0.00381818181818182,0.0026666666666666666,0.006222222222222221,0,0,0.010498039215686277,0,0,0.005666666666666666,0.005866666666666667,0,0,0,0.003,0,0.003,0.0038095238095238104,0.003826086956521742,0,0.0037777777777777788,0,0,0,0,0.0035,0.006928571428571429,0.0026666666666666666,0.0037777777777777788,0,0.0064444444444444445,0.0036923076923076935,0.013689393939393939,0,0.0032,0.0038095238095238104,0,0.009600000000000001,0,0.007142857142857144,0,0.006456140350877194,0,0.0026666666666666666,0.00381818181818182,0,0.008714285714285714,0,0.005714285714285713,0.003,0.00668181818181818,0.003733333333333334,0.006333333333333334,0,0,0,0,0,0.003,0.01609090909090909,0,0.0026666666666666666,0,0.031894588744588746,0.006764705882352942,0.009380952380952382,0,0.003,0,0.003333333333333334,0.0032,0,0,0,0.0038333333333333357,0,0.0032,0.006857142857142857,0.006857142857142858,0.003846153846153847,0.0062,0,0,0,0.69,5,group
1.6826489517996779,4.523074403293312,0.39084297728699247,0.5582994601265215,0.4575907912784381,1.1532614186018415,0.42539769624859186,0.1398925094229442,0.39651845171564293,0.10731544005471251,0.872073050496265,0.09943460066503544,0.2659758878124015,0.31246499583012427,0.5076947692339466,0.010502564102564104,0.12953870515449462,0.2386202882257062,0.21142255352236644,0.15724794107852932,0.17509177603180837,0.08570986526582702,0.003380116959064328,0.29304922837650527,0.10300025494202089,0.060007254967254994,0.06612323436797123,0.06968508755419513,0.12120511635276167,0.024247619047619046,0.1452192862921467,0.03935598845598846,0.14533883945939943,0.0038620689655172384,0.07002368623325145,0.2611284858788174,0.0037894736842105274,0.0924458406116301,0.052421004159239455,0.03818581681476419,0.09833673182159518,0.05118709329064019,0.032567413263065434,0.07232404498031096,0.07538163503163503,0.1313408018079845,0.018301966873706003,0.37354483735097,0.016836363636363635,0.06824398630355151,0.13458344518779705,0.053808786181139115,0.003,0.14243701538379294,0.003733333333333334,0.06203095238095239,0.04619367588932806,0.03542203447687318,0.20005433992230331,0.030208419599723948,0.0466943278943279,0.010739473684210526,0.003799999999999997,0.06309842627960276,0.009503759398496242,0.0435894706600589,0.01792608695652175,0.003,0.013111111111111112,0,0.0068095238095238105,0.007272727272727274,0.007498039215686276,0.007111111111111111,0.01017389060887513,0.007444444444444446,0,0,0,0.007098039215686276,0.22506477002448735,0.013157894736842106,0.009745454545454547,0.01696470588235294,0.007200000000000003,0.0036923076923076935,0.01225454545454545,0.0069999999999999975,0,0,0,0.003733333333333334,0,0.02753070707070707,0.003,0.006857142857142858,0.02114444444444445,0.0037894736842105274,0.007651515151515156,0.003,0.010616666666666667,0,0.006149019607843136,0.014608823529411761,0,0,0,0.006866666666666668,0.009600000000000001,0.003164835164835164,0,0.018011695906432756,0.00965079365079365,0.0026666666666666666,0.015831578947368422,0.007272727272727274,0.007111111111111112,0.006857142857142858,0.003,0,0.003,0,0.0064,0,0.010437562437562437,0.010751515151515154,0.00997101449275362,0,0.010285714285714285,0.012952380952380953,0.01263157894736842,0.0032,0.003826086956521742,0.007200000000000003,0,0.0026666666666666666,0.0026666666666666666,0.003733333333333334,0.003507246376811594,0.01309090909090909,0,0,0.0035612535612535583,0.013120879120879121,0.0032,0.003799999999999997,0.01043478260869565,0,0.018514285714285716,0.003826086956521742,0,0,0,0.018600891861761417,0.010914786967418547,0.010833980833980832,0.0038095238095238104,0,0,0.0038400000000000036,0.009800000000000001,0.010105263157894737,0.013826666666666662,0.007333333333333336,0.007200000000000003,0.0035,0,0.003799999999999997,0.0064285714285714285,0.003333333333333334,0,0.007304347826086953,0.003799999999999997,0.014168115942028983,0.0026666666666666666,0.003764705882352942,0.006,0,0.0037894736842105274,0.007157894736842106,0.0026666666666666666,0,0.03147935222672065,0,0.0026666666666666666,0.014296969696969707,0.014071146245059285,0.00826373626373627,0.69,6,group
1.9600651584941895,1.1341769604645913,0.5479311731687074,0.5072118107688802,0.7652300556889606,0.5359911326922203,0.24577775314777608,0.221538785044094,0.37820041804890747,0.08902926735100648,0.9005677475984981,0.221278861366502,0.11005228663493369,0.710092261933686,0.49353090897390545,0.03432476780185758,0.7260150282991512,0.674884500591824,0.8950169600704356,0.14324592343096135,0.09241086929253574,0.034429573934837095,0,0.16706087107021061,0.1877434033464777,0.10584329499638426,0.14921798675864642,0.19574667390732897,0.24596275968155948,0.0732205910031997,0.20585927697085699,0.032579844218389116,0.09144492984931939,0.1019868089398524,0.17734993706702576,0.18938309823906957,0.05769636380961245,0.07992433626797067,0.07121355457497737,0.1685467893258381,0.042983622739713734,0.13857977963686402,0.04498819163292848,0.19120313721898943,0.10957959771222929,0.20945886430042437,0.23840800894842087,0.047253706565491466,0.020398257080610018,0.16451304589130675,0.34185558819567435,0.11188471053850364,0.052718295625942685,0.1317326996176276,0.019121428571428574,0.01986045751633987,0.027982905982905985,0.059788274527404955,0.12913092039078714,0.06494826778311816,0.13391778917113956,0.04906349135676099,0.02689486461251167,0.00935,0.058681508900456265,0.06633898896081558,0.05517840307840308,0.002,0,0.00775,0,0.019533834586466164,0.012035714285714285,0.00906293706293706,0,0.02594380257423736,0.003,0,0.008121904761904764,0.008746405228758167,0.1586492659191717,0,0.019255555555555557,0,0.04545627705627707,0.01743333333333333,0.009272727272727273,0.005333333333333333,0.012572142477405634,0,0.007058823529411764,0.004666666666666666,0.0032190476190476183,0.01914285714285714,0,0.015986928104575162,0.05092444085490794,0.003,0.020177480490523966,0.003,0.05405894660894661,0,0,0.017193277310924373,0.003428571428571429,0.0026666666666666666,0.0035555555555555553,0.016200000000000003,0,0,0.003,0,0.014666666666666668,0.015089133089133087,0,0.003,0.003333333333333334,0.0069999999999999975,0.008533333333333334,0.003333333333333334,0.012945454545454543,0.0026666666666666666,0.007666666666666666,0.0026666666666666666,0.009416666666666667,0.011083333333333336,0.003428571428571429,0,0.004,0,0,0.009442307692307693,0.008333333333333333,0.003733333333333334,0,0.008264705882352941,0.01001818181818182,0.006933333333333334,0.005,0.0032,0.01541739130434783,0.0072380952380952405,0,0.012558704453441297,0,0.003428571428571429,0.0035612535612535583,0.003636363636363637,0.02466426936907486,0.007824561403508776,0,0.003636363636363637,0.003,0,0,0,0.007111111111111111,0.010823529411764704,0.006222222222222221,0.0026666666666666666,0.0026666666666666666,0.004,0.006914285714285716,0.005214285714285716,0.009428571428571429,0.0026666666666666666,0.013834329413276784,0.007457013574660635,0.009692307692307693,0.012483333333333334,0.001764705882352942,0,0.013600000000000001,0.00375,0.0032,0,0.0035555555555555553,0.004666666666666666,0.005714285714285713,0.008,0.0067555555555555554,0.0026666666666666666,0.005333333333333333,0.03969206349206349,0,0,0.004266666666666666,0.019088888888888888,0.75,7,group
2.0800846274784717,1.416634721138077,0.9885769142354459,0.6366834635911839,0.3849210666382768,0.6601490985486158,0.319607598578996,0.2145864351039597,0.5733160302919029,0.15979864186898662,0.6740306063161926,0.07676981365702594,0.22287411284955508,0.4798577790161141,0.25468664241937583,0.10655408497725631,0.18945066864259966,0.3007152721995204,0.6164599044866633,0.09865904650904651,0.09581909828618806,0.0762596225412015,0.010598039215686278,0.07856508728744023,0.5481592462459294,0.1453823081287478,0.0884464999855093,0.0658517472865299,0.29666993072615033,0.08103423813091334,0.20923900863729653,0.03276824868495349,0.20503096435438978,0.10895279710572063,0.17380253126406045,1.1111877459270276,0.2179703311502865,0.045423931623931615,0.049760455231043464,0.04315381494322671,0.10758580937575955,0.007551515151515156,0.07436305321087928,0.23589106242419872,0.007615384615384613,0.09852048941411709,0.18220793427418297,0.11821814952085449,0.038920522941111174,0.011428571428571427,0.19596633222960055,0.07723309787683191,0.049152630937958706,0.10569865713333745,0.01363235294117647,0.022546031746031748,0.09538695696460402,0.18435630794490795,0.0848478920901118,0,0.017583135704874832,0.043546527230266634,0.018237373737373733,0,0.02397411477411477,0.016550724637681164,0.06644409875262872,0.00838095238095238,0.015501435406698561,0.011076923076923076,0,0,0.008666666666666668,0.003666666666666668,0,0.0032,0.003083333333333332,0.011523809523809518,0,0.005333333333333334,0.2348250511085196,0.0036923076923076935,0.0084472049689441,0,0.1124197889683197,0,0.062071749433916606,0.009692307692307693,0.010888888888888889,0,0,0.0053999999999999986,0,0.002,0.007333333333333333,0.008881578947368421,0.022693744164332404,0.003799999999999997,0.022336798822092944,0,0.0538618537018537,0.0034861660079051333,0.0026666666666666666,0.009733333333333333,0.0032,0.005333333333333333,0.011533333333333331,0,0.007111111111111112,0.0026666666666666666,0.014225490196078432,0.006416666666666666,0.005866666666666667,0.006600000000000002,0.016439999999999996,0.003636363636363637,0.01704761904761905,0.01242857142857143,0.0018181818181818201,0.006,0,0.007381642512077297,0.006380952380952381,0.005666666666666666,0.009447619047619048,0,0.007876363636363631,0.011122807017543862,0,0.023520538720538713,0,0.010676923076923075,0,0,0.0036923076923076935,0.013882517482517483,0.007303030303030304,0.0026666666666666666,0.01830143540669856,0.006466666666666663,0.003666666666666668,0.009295238095238094,0,0,0.00981818181818182,0.013709698996655518,0.0026666666666666666,0.002,0,0.014161904761904766,0.006666666666666668,0.005714285714285713,0.003,0.007806060606060609,0,0.006576719576719576,0.003333333333333334,0.018295238095238097,0.003636363636363637,0.01856507936507937,0.0063030303030303025,0.010533333333333334,0.0026666666666666666,0.006907496012759175,0,0.01652161172161172,0.003380116959064328,0.00375,0.002,0.008329696969696971,0,0,0.0014285714285714288,0.024453416149068326,0.010199999999999997,0.005866666666666667,0.0052,0.006,0.010571428571428574,0,0.0064,0,0.0026666666666666666,0.005933333333333332,0,0.008815686274509803,0.017,0.004390792838874681,0.75,8,group
0.2369930427202926,0.3466595816210232,0.10614823996102811,0.09007062369003546,0.08083307177571881,0.15888209461228708,0.17217240200833545,0.049942912687943104,0.08192008870339176,0.061454918632565685,0.13798426349394313,0.09410211206070955,0.06098801609865684,0.11721573618780377,0.13898080423039366,0.060403414396061436,0.08999702325937536,0.0685025562294448,0.0899032990027875,0.0849318813968969,0.07902245096328417,0.03479884559884561,0.07982011863873531,0.1187938491477834,0.12236930004058151,0.07351000121309718,0.13901878860723385,0.054282460317460306,0.0813836261712692,0.09391020665716064,0.07553281502810916,0.07952425493560328,0.09519386676972488,0.09125857734635844,0.1000698815879461,0.12112348596364071,0.06602383161500809,0.0427063492063492,0.07700234360694717,0.09146850641664812,0.03846503473498798,0.08299713330148115,0.0836598400292518,0.08704191729323309,0.08236554969397074,0.1545653069255169,0.1077801876659803,0.12841612203747751,0.06734353512930191,0.06613498466311533,0.10497823813441459,0.14734062216488245,0.06117409234040814,0.1312162759365391,0.052984436297453315,0.033355773420479295,0.05260947940947939,0.06718565118040379,0.0707823153173936,0.059680639730639744,0.1053080938248237,0.06848801194102368,0.10325396425817185,0.027173626373626372,0.10582486817250106,0.05982004348308695,0.06651108471577577,0.09509607984607985,0.12300768001721951,0.06312512874804163,0.08295623403971226,0.08621055127149096,0.059121678321678334,0.0819251422255826,0.07100624521677151,0.10061539454709077,0.10681971745030569,0.1353729592536989,0.06892388295191755,0.07650963738585176,0.05262193789607582,0.0345991008991009,0.08531391278029647,0.08544457389758561,0.10116349646579936,0.11377912823785034,0.05777194826678697,0.08178054198540588,0.12234624948502627,0.13246346995908662,0.09081964024925046,0.060674909348230575,0.06459045440876336,0.10492962894666749,0.07250995958064924,0.15002893218040053,0.17963248391053913,0.08463299279551682,0.05326626414521151,0.07523708978843913,0.09219676261092809,0.056447825297051286,0.12763049104485383,0.1131868703574049,0.12013042982876743,0.10687232182187688,0.1221401948885501,0.048061607132941477,0.05532638146167558,0.04315916462764288,0.10596217847488265,0.05939371214172957,0.1339659235778481,0.05607980861449421,0.09015341659248106,0.07735395249982957,0.08356012820654767,0.08720717768944689,0.06262603324144476,0.08852335849663703,0.05356880881447065,0.08158135670204633,0.06002396949455772,0.09849575944527261,0.10866687457051705,0.06139038555335889,0.0627862213225371,0.1615351085921787,0.06128206880838459,0.07159176568389089,0.11141661613941266,0.10261189931166961,0.12268578310384073,0.04191675845413985,0.11417977329184226,0.07396193806193806,0.0946986961186961,0.12312694571938175,0.1016734723243851,0.10284683332334256,0.10887643631659057,0.06792234731759694,0.13667714994991606,0.09832977564863314,0.09986380753749174,0.11214815948231693,0.0777809693849322,0.1209981624618907,0.12726418917511795,0.11287798793547524,0.08993725526145406,0.1317691545159691,0.08952988360109103,0.06815139247524002,0.15407170113336446,0.08327599858664604,0.09722371446811676,0.11559269254244581,0.06936964590964592,0.12349458558254507,0.10241401297734586,0.05614314200561666,0.1195382791171847,0.06601572539536264,0.0951143857917552,0.08164935439666897,0.05341980928141918,0.11595930553355228,0.11355511844033583,0.0805055534785431,0.05394689225089683,0.0967208087143509,0.07814262685311277,0.07546898488484696,0.11141374449401811,0.0921160229861538,0.11833973663134957,0.08251016907010417,0.09318217307430202,0.08902208495899498,0.11172656599377113,0.03691701911904949,0.15609316374651297,0.07615470444588089,0.09565277455926262,0.06340862398726563,0.07042202741210961,0.08028655705949822,0.56,9,group
0.21883974836565692,0.3081708573561514,0.2913699750502033,0.14071202757734244,0.10998023346468201,0.11811021245982546,0.08860980971509423,0.07798047101047102,0.13027827661589358,0.08747950630713539,0.09140956015089143,0.10833348658652533,0.09735483257861773,0.16831432605427837,0.07785515908637153,0.10353438450438449,0.06084407976754513,0.12057585729797698,0.15031746156578157,0.0955112778289249,0.05614088539812677,0.1427934645085516,0.07598408254394673,0.11337941304905326,0.06869281060707476,0.14762519673364574,0.0597135042002808,0.10312193020732041,0.04177665223665224,0.11686436967750942,0.06536853035853035,0.08713344137209837,0.11772263687493777,0.08463327616073074,0.1319783048283555,0.07239473299484482,0.11449526855943036,0.04303961952026469,0.10822117541298108,0.047054336021577395,0.09093681216612254,0.14963335811142725,0.05693714844143904,0.10090007782821878,0.10040953869884903,0.09430474159856983,0.07954026690859725,0.046752855227561105,0.07309327832486048,0.14188588660313764,0.15704754239315677,0.09752831480580407,0.1051803990643,0.07439344484303914,0.08910456053276165,0.050246932805756324,0.05626848804789981,0.12434193439493248,0.10522476369680456,0.10928092850492768,0.12569916531117614,0.06600352621567541,0.0833978030823889,0.09385244818362466,0.09596134809634808,0.07586068944759648,0.043421533595702395,0.07677700167715146,0.10361736566281779,0.07480041553555754,0.0621079662286184,0.03718400380149606,0.05731978070238939,0.10702625919817274,0.1069062962891828,0.04515971092890597,0.09567445771938676,0.08178830401861094,0.13292260960287275,0.08442338671075512,0.05961328815688941,0.07840085161422275,0.082100141233036,0.1384001096403539,0.06547674887204301,0.09350367500621064,0.07794526871595837,0.10970135771179414,0.057572950051897435,0.07739868142489988,0.07128618381962035,0.06956323540580507,0.08756389797222616,0.11393259941200165,0.10014912155542122,0.10192397043243964,0.08727552615942709,0.09290065111217025,0.07782953348850882,0.0718607468078857,0.06585958243544449,0.13183325539622984,0.09053603980560501,0.10480059973080567,0.12323734788184249,0.10053110441962136,0.08515570242535975,0.05770060253755906,0.05047167473049826,0.0929778696296927,0.0560795437895438,0.08677146203756109,0.11451175131714086,0.06913617220091646,0.07328325857019252,0.10768778130591519,0.06275013714144147,0.10829049557518887,0.06729605332575922,0.10513629480481401,0.12432349225412102,0.09592197767145136,0.13271373469812023,0.054879688292144894,0.10303970102145095,0.08789004867966121,0.11374157818789396,0.09609627717659015,0.07313673504387058,0.11431295840715189,0.07656553724053725,0.050113532549322014,0.10556153370270188,0.09183562038200893,0.08979375178099955,0.12218757693708361,0.09471454463874168,0.07394696288792195,0.09198359762083427,0.08135827241901547,0.1210185487703444,0.060823118000489916,0.0950043268358336,0.09992988443711555,0.08947346564111268,0.06769431235386413,0.10943248241155963,0.09725913395371813,0.09844908337134559,0.05738312088932779,0.08963912876597085,0.07577867352114177,0.09646943096923057,0.08407269331975215,0.06858356964672754,0.08510354524702352,0.10013273857623077,0.07757206832909869,0.08638495318848405,0.07992193717604602,0.07579194049328981,0.08039915514592932,0.09633560335124848,0.062455069491911604,0.08400663621180862,0.0622036927590151,0.0879839367324505,0.06636463708949607,0.08310136388446145,0.07548255669342954,0.06094419191919192,0.09788211241115265,0.0751172245452561,0.05521374679373065,0.054210825852761324,0.07440097491797681,0.03412791314965227,0.08758471275828603,0.09097654153952912,0.0888535356342253,0.08185027126305751,0.07437268557925118,0.09778871867574532,0.07057578735498428,0.0914185809592706,0.08110450692925925,0.1039979127288858,0.07546937420183132,0.56,10,group
1.8043151186141861,1.0457112979310847,1.1526987032161857,0.853737027230668,0.48983788378621573,0.2604227175540439,0.33566115453780865,0.48751062189652766,0.1272083181247941,0.19282519253862507,1.6096116648565504,0.23225686222264494,0.18240940437391243,0.8340873907527363,0.16046777093324402,0.12991578952448518,0.2683005592283907,0.11923168808054391,0.5219390803832302,0.10581628546891705,0.19295224411574524,0.05294501176931384,0.3004950344513123,0.20167603896963032,0.14484150705108256,0.20966896754820835,0.1157379431713797,0.12357211444469507,0.01758660130718954,0.08301528373587197,0.10952244564621601,0.08300719262849292,0.20154062894054886,0.015733333333333335,0.13865237575437409,0.19683748075931107,0.31571877987106145,0.06592506382506383,0.16266118739697955,0.11459251400175481,0.07687571685878325,0.14640556576779482,0.06319016210310416,0.13284255015421254,0.0961203599504791,0.08729960529666411,0.11880337216020329,0.03588775668775669,0.07105615660569223,0.18162988152773835,0.16348922027644,0.06899754676979743,0.0449462453668336,0.33987694209157787,0.05835717038952332,0.029048602150537634,0.021924963924963927,0.12164440998744404,0.07996188815146371,0.02592385030428509,0.12116454953051922,0.0867948522741626,0.03414000509294627,0.031078551078551078,0.04939790283790284,0.06251202104954966,0.04974877140403457,0.015999999999999997,0.003733333333333334,0.007384615384615387,0.0043134502923976616,0,0.0048,0.010199134199134203,0.009657142857142852,0,0,0.003,0.006,0.008857142857142857,0.22869418563721366,0.007292307692307695,0.01095238095238095,0,0.17222871261635966,0,0.02112562600797895,0.0069500000000000004,0.006266666666666668,0.003,0,0.01096331738437001,0,0.003333333333333334,0.0026666666666666666,0.004862068965517239,0.038828432042673534,0.015479933110367895,0.04474451776966246,0.0035767195767195756,0.02492080808080809,0,0.003,0.01098947368421053,0.005666666666666666,0,0.006533333333333334,0.006663203463203463,0.003,0,0.009083333333333332,0.0048,0.007264957264957268,0,0.006666666666666668,0.006431372549019608,0,0.00838095238095238,0.016241750841750842,0,0,0.00960606060606061,0.021721032989998505,0,0.011022222222222221,0,0.003463203463203463,0.00525,0.004666666666666666,0,0.006857142857142858,0.004666666666666666,0,0.010523809523809526,0.0032,0.005333333333333333,0.0011794871794871824,0.011523809523809518,0.006222222222222221,0,0.01659899749373434,0,0.002,0,0.007058823529411764,0.014713450292397661,0.008133333333333333,0.004977777777777779,0.003,0,0,0.011392411510058572,0,0.005333333333333333,0.010226666666666669,0.00838095238095238,0.022723809523809518,0.014124812030075191,0.003,0,0,0,0,0,0.007083333333333334,0.012820728291316523,0.009142857142857142,0.003826086956521742,0.003,0.008486166007905133,0,0.014073260073260072,0.0026666666666666666,8.333333333333357e-4,0.003714285714285715,0.005866666666666667,0.007822556390977443,0.0027222222222222214,0.013866666666666668,0.003,0.0064444444444444445,0,0,0,0.0026666666666666666,0,0.012491373360938578,0.016033333333333337,0.88,11,group
1.4027348801743436,2.2376799993245373,1.5032068057447994,0.543888844449375,0.47610442336050507,0.6625422391160561,0.3102814343041939,0.2366202401838799,0.3893290762944239,0.24237939294105532,0.293260806250778,0.527683111904149,0.40518036673188773,1.1954157874331846,0.2730272402149652,0.026480044593088062,0.18264647558384048,0.1474314694994605,0.28743287034689186,0.08223997833951395,0.18834548494221262,0.08686836561099719,0.34536862957934517,0.19088876718411782,0.25971327621583207,0.25006939083150487,0.10158441800717344,0.07248588522588523,0.09162847531912009,0.17148830020554157,0.14741848436887425,0.13665098447540902,0.06837725409004182,0.0830686577262747,0.22270369487331565,0.07197993431290646,0.05279815546772069,0.03790501002265708,0.09432974537539755,0.06632666666666666,0.08644346022054998,0.22676441659226004,0.02927924959457467,0.0035,0.1979548127861629,0.2430315275219986,0.003714285714285715,0.0746771256423888,0.061332404310665174,0.19318159600875268,0.0766516012811665,0.0356310319859169,0.006629573934837094,0.05006058736585051,0.05309578794039152,0.04126458687511319,0.04448852288062814,0.017568498168498172,0.11296107498280873,0.020768498168498174,0.14638503092061508,0.04490126659359395,0.03419825566590273,0.026996574770258977,0.02434545454545455,0.01582456140350877,0.047588308366825,0.018846153846153846,0.020333333333333335,0.010619047619047618,0.003333333333333334,0.0017894736842105274,0,0.006333333333333334,0.019259259259259264,0.01748178137651822,0.00381818181818182,0.0278981469017813,0.008858823529411761,0,0.04412195558737489,0.012901672240802678,0.013226190476190476,0.0032190476190476183,0.04359079616036138,0.0026666666666666666,0,0.009496240601503758,0.0032,0.005666666666666666,0.018,0.01832367149758454,0.007406593406593409,0.015095238095238094,0.00876923076923077,0.003764705882352942,0.057511637537616817,0.021187712418300645,0.03215942028985508,0.002,0.03488991047599743,0.022657142857142855,0.010200000000000002,0.024061111111111113,0,0.01276923076923077,0.005333333333333333,0.009833333333333331,0.007133333333333331,0.02104444444444445,0.008476190476190476,0,0.0011666666666666713,0.0035,0.002,0.0018518518518518547,0.011897435897435896,0.00668181818181818,0.006857142857142858,0.01542246642246642,0.010181818181818183,0.037002693602693607,0.011307692307692307,0.016152380952380953,0.012066666666666668,0.002,0,0.006222222222222221,0.02200073610599926,0,0.015333333333333334,0.002,0,0.00375,0.019733333333333335,0.015666666666666666,0.007272727272727274,0,0.008933333333333333,0.03641222222222222,0.0026666666666666666,0,0.0032,0,0.03308454106280193,0.007567251461988306,0.0026666666666666666,0,0.0072,0.01634285714285714,0.02333344626388105,0.005714285714285713,0.008888888888888892,0.006628571428571431,0.010657142857142855,0.010799999999999997,0.0026666666666666666,0,0.003,0.022921212121212124,0.0072380952380952405,0.006333333333333334,0.018631235431235425,0.0038518518518518546,0,0.010058823529411764,0.01668170426065163,0,0.007157894736842106,0.006466666666666663,0,0.00673391304347826,0,0.012190476190476189,0.012857142857142857,0.003636363636363637,0.005714285714285713,0,0.017949579831932773,0.00975,0.0026666666666666666,0.009435897435897437,0,0.0064,0.003764705882352942,0.0034105263157894754,0.01374786324786325,0.005714285714285713,0.81,12,group
2.24060167570656,0.9381938563006799,1.0355536774342848,0.7570095317678541,0.5103590414326634,0.5973538892464919,0.28176661681943627,0.761671035141676,0.4253687856378788,0.13450552974866475,0.733671025077724,0.16843387071312504,0.22217686370172243,0.9194478375735048,0.2871942688481503,0.02456465031446321,0.1539211802530688,0.1262458509648172,0.40332073340701236,0.14962716160613587,0.20159686800723145,0.11680389088872867,0.1800445877375995,0.14069577712994594,0.22862056294069624,0.1405054108409946,0.06136264495738181,0.15349398083398086,0.19350160208397116,0.04080741872506579,0.16339425432033447,0.1557371647324871,0.040245718597569195,0.06295063089318349,0.002,0.4607378265488279,0.16884580193929502,0.13434940264413947,0.06978211016709468,0.06703189820902837,0.09005290427853357,0.14658569496248655,0.03851390289449112,0.12811478299478302,0.17470150942410467,0.09265245404486563,0.08789525782742101,0.13080469797992947,0.0832857363998231,0.07427650885577185,0.0682641747141747,0.0586885363023928,0.022524388045211848,0.32747875948182553,0.16244896453398555,0.03164449275039273,0.020403508771929826,0.05964152097620657,0.170262076865617,0.0553745504613791,0.06564380157788292,0.061009625668449204,0.018535930735930732,0.039261538461538466,0.12326930288349643,0.04319966948293775,0.01708613445378151,0,0,0.0026666666666666666,0.006380952380952381,0,0.006714285714285715,0.008666666666666666,0.003,0.0075238095238095255,0,0,0.003733333333333334,0.00675,0.1749795799132641,0,0,0.003636363636363637,0.11711501678453702,0,0.04347131940523244,0.009447619047619048,0,0.004839826839826841,0.003164835164835164,0.01043478260869565,0.010599999999999998,0.002,0,0.01108291316526611,0.08820977745202405,0,0.024987376048817695,0,0.05533587666950838,0.02769328449328449,0,0.03625652366209642,0.009955555555555556,0.0032,0.009714285714285715,0,0.010433333333333336,0.0026666666666666666,0.002,0.009478991596638658,0.009769047619047618,0.010356643356643356,0.011996296296296297,0,0.008400000000000001,0.008761904761904762,0.010589473684210529,0.0036000000000000016,0.003666666666666668,0.0064,0.008,0,0,0,0.006533333333333334,0.0037894736842105274,0.0036923076923076935,0.014,0,0.007236363636363638,0.0026666666666666666,0.00690909090909091,0.008666666666666666,0,0.01334188034188034,0.003428571428571429,0,0.0017142857142857153,0.0032,0.003764705882352942,0.003333333333333334,0.0075,0.006431372549019608,0.013704099821746881,0,0.0026666666666666666,0.0034105263157894754,0,0.006333333333333334,0,0.01597777777777777,0.0036000000000000016,0,0.006380952380952381,0.003733333333333334,0,0.020161904761904766,0,0.008,0.032815873015873014,0.006545454545454545,0.013217391304347828,0.003636363636363637,0.006857142857142858,0.017343445570447858,0.003507246376811594,0.006989473684210528,0.002,0,0,0.002,0.0026666666666666666,0.003,0,0.035574747474747474,0.003,0,0.0017894736842105274,0.017342857142857142,0,0,0,0.003733333333333334,0.0026666666666666666,0.003764705882352942,0.0048,0.94,13,group
3.2691362814990934,3.7311473056705986,0.19707791131964966,0.9617043664222563,0.4605680798136682,0.09233140245375539,0.19564337307206786,0.14638325400000465,0.2384126255053999,0.09384121693121694,0.7427947557494778,0.11049331645979245,0.1798173644657492,0.4030961224907605,0.340529188681228,0,0.11138212173701477,0.06594120410989976,0.48300365299266196,0.045995623674571044,0.10241342520792648,0.059784881784881796,0,0.05326629318394025,0.219133096394639,0.14667131733763314,0.09180196306961014,0.040117590012326856,0.07214729473192973,0.06419042735042735,0.24325544093204077,0.013470728291316528,0.06740750915750916,0.010533333333333336,0,0.03669922652391356,0.09087451640147293,0.1388385764562235,0.020306766917293235,0.0075111111111111125,0.05514311903059636,0.05803819652821465,0.13667939131044396,0.0032,0.06723337049424007,0.1239538262005216,0.010000000000000002,0.1948006692824084,0.012691102756892232,0.16344460320418244,0.17530128720878058,0.03728947089947091,0.003333333333333334,0.09470207056101794,0.013026666666666664,0.03954489118724412,0.04272321517491797,0.0076666666666666645,1.4264569838177368,0.013485714285714283,0.07856587301587302,0.034237821655468716,0.0036923076923076935,0.013846153846153847,0.08836011421806023,0.026049019607843137,0.010123809523809525,0,0,0.017454545454545452,0.003636363636363637,0,0.010105263157894737,0,0,0.01816470588235294,0,0.008533333333333334,0,0.0076666666666666645,0.2259525074001753,0,0,0.003666666666666668,0.024168691844553915,0.013238095238095242,0.005333333333333333,0.003764705882352942,0,0.007,0,0,0,0.005333333333333333,0,0.00977777777777778,0.0286834724958564,0,0.010792156862745098,0,0.008888888888888889,0,0.010826086956521742,0.020123809523809526,0.012606060606060605,0.0026666666666666666,0,0,0.003666666666666668,0.016384711779448623,0.008843859649122805,0.009122807017543859,0,0,0,0.013675000000000001,0.025467984189723316,0.027095238095238096,0,0.003,0.006,0.006,0.012666666666666665,0.01309090909090909,0.01571355498721228,0.003333333333333334,0.00375,0.0035555555555555553,0,0.007445887445887447,0.009047619047619047,0,0.00635897435897436,0.003,0.009874285714285712,0.003666666666666668,0.00375,0.008914285714285715,0.005866666666666667,0,0.0036000000000000016,0.0032,0.0036923076923076935,0.010582010582010583,0.003636363636363637,0.009545454545454544,0.006545454545454545,0,0,0,0.007576086956521742,0.006628571428571429,0,0.0032,0.010017391304347825,0.0036000000000000016,0,0.007083333333333334,0,0.003333333333333334,0.003,0.0032,0.012952380952380953,0.006533333333333334,0.013392857142857142,0.003,0,0,0.003733333333333334,0,0,0,0.0073636363636363665,0.013833333333333335,0.006,0,0.0026666666666666666,0.017714285714285714,0.006666666666666668,0.003,0.0035767195767195756,0.019333333333333334,0,0.01361904761904762,0.003636363636363637,0,0.003333333333333334,0.02044047619047619,0.62,14,group
1.8544840094150494,1.4886647846528867,2.4451328307169087,0.23308597855507937,0.31535063395870877,0.30410190756586913,0.17548767930504244,0.42685049702954253,0.3621061497369375,0.3252537427840403,3.0370478052854932,0.2600470070565978,0.1714941365355553,0.20868532131125478,0.6110724208880164,0.03355449735449736,0.08926952997332457,0.1676840574012966,0.13030650787046666,0.02538029008029008,0.22481861910876447,0.06061189568123207,0.19213092109689997,0.12109629088833425,0.35066962810078567,0.07441877083392509,0.14399200846042276,0.06564295593295592,0.2988020779994748,0.0213978835978836,0.0855003998224297,0.07959035724150815,0.06318413827887512,0,0.09824222477505837,0.1980218770162856,0.07615284268933481,0.15715691872542187,0.15510571214131588,0.07944885319359002,0.04779866964528224,0.08942064242946596,0.0708179129292314,0.014175641025641028,0.02400786324786325,0.11018527257729033,0.02603174603174603,0.029183329535961113,0.05136230872356731,0.0931535481706294,0.08244716163233326,0.0330243961352657,0.060769652569652576,0.18306520591230435,0.019015873015873017,0.06057125000603261,0.011141414141414145,0.043284992784992794,0.048539074565281455,0.045754708994708994,0.04612527858106806,0.036124057971014485,0.010226086956521743,0.042279059829059835,0.01709230769230769,0.03472520159578984,0.025563871635610767,0.01,0.01607729468599034,0,0,0.00375,0.006866666666666668,0.003333333333333334,0.009,0.0094,0.003666666666666668,0.003333333333333334,0,0.020169934640522875,0.09942567509087631,0.005714285714285713,0,0.006,0.018624338624338627,0.0032,0.017343434343434338,0.0032,0.010114285714285716,0.0032,0,0,0.00375,0,0.006833333333333335,0.0072380952380952405,0.049565772765246464,0.009733333333333333,0.02012605510431598,0.0026666666666666666,0.012595238095238095,0.006,0,0.03402030387912741,0.003333333333333334,0.006333333333333334,0.003,0.0033088235294117647,0.0036923076923076935,0,0.006,0.0096,0.005666666666666666,0,0,0.0037777777777777788,0,0.0037894736842105274,0.0032,0.00701818181818182,0.0026666666666666666,0,0.010285714285714285,0.005866666666666667,0.003764705882352942,0.003764705882352942,0,0.009444444444444445,0.0026666666666666666,0.009416666666666667,0.007442307692307693,0.00743137254901961,0.003733333333333334,0,0.003,0,0.0037777777777777788,0,0.004606060606060609,0,0.00635897435897436,0,0,0,0.003333333333333334,0.011306666666666671,0.005714285714285713,0.006857142857142858,0.007058823529411764,0,0.008436363636363638,0,0.0065,0.0035,0.0026666666666666666,0,0.003,0,0,0,0.010258823529411763,0,0,0.0035266666666666636,0,0.02476190476190476,0,0.0064,0,0.004571428571428576,0.003,0.003733333333333334,0,0.00375,0.003,0.003,0.010893333333333335,0,0.007058823529411764,0,0.004606060606060609,0,0.01718767507002801,0,0,0.003733333333333334,0.003733333333333334,0.0038095238095238104,0.62,15,group
1.3239959024413506,0.9527753760565674,1.6968523273120617,0.7863539147880313,1.0606919137851993,0.6867792520194398,0.30473082211091684,0.8851312370410971,0.38773772439980925,0.20550754623710507,1.107525920810274,0.8994187962649316,0.16484558550660983,0.5609847126169106,0.2473778574547601,0.03918836696484294,0.2877654390386089,0.2854932889452421,0.154185443532602,0.10775057325752574,0.13240234386564054,0.067642163563990207,0.2023716160033411,0.23417426920516698,0.3885756669773227,0.11447857064987232,0.11422977005196686,0.07166114964848186,0.20272346734641933,0.07248503696240942,0.15565965247349706,0.0608575833523202,0.06221664700968107,0,0.15329606153992156,0.05608837643837643,0.06522580684447692,0.13938731320578138,0.11174416906770915,0.072022499080764,0.1304937944978369,0.10666158273646592,0.06130523668685602,0.11145550745550746,0.08445559120206796,0.1476324005454171,0.09971020564382738,0.043852561123742945,0.042471916971916976,0.011393939393939392,0.128174824323909,0.09551041395376432,0.042728262501172724,0.06458040795805503,0.04180391197322143,0.10483524284089504,0.027925925925925927,0.02401449275362319,0.29623279862666857,0,0.14070503564317804,0.01214280456385719,0.013456140350877195,0.01203070175438597,0.07492447980272579,0.026737639553429022,0.046696793430930576,0,0.003714285714285715,0.003714285714285715,0.006,0.003333333333333334,0,0.006422222222222221,0.009523809523809523,0.014522807017543861,0.006,0.007058823529411764,0,0.003764705882352942,0.06101967032967033,0.0026666666666666666,0.010868347338935574,0.003,0.016200000000000003,0,0.03790627150627151,0.00375,0.007482517482517484,0.003826086956521742,0,0.02031555555555556,0.003,0.0026666666666666666,0.0032,0,0.025467259056732743,0.003666666666666668,0.022851082251082247,0.003826086956521742,0.03856485736485736,0,0,0.018799999999999997,0.0026666666666666666,0.0037777777777777788,0,0,0.003463203463203463,0.005666666666666666,0.006933333333333335,0,0.010357894736842106,0.007200000000000003,0,0,0.003333333333333334,0,0,0.003,0.010181818181818183,0,0.006,0,0,0,0.0032,0,0.0062,0.0032,0,0.0032,0.003764705882352942,0,0,0.01437777777777778,0.005866666666666667,0.0026666666666666666,0,0.0026666666666666666,0,0.006,0.003764705882352942,0,0,0,0,0.003333333333333334,0.007522807017543862,0,0,0,0.00980952380952381,0.0035,0,0,0.0069500000000000004,0.007013071895424837,0,0.003714285714285715,0.007000000000000002,0,0,0,0.01309090909090909,0,0,0.01121824381926684,0,0,0,0,0.009431372549019608,0,0.0060952380952380945,0.005333333333333333,0.01224444444444444,0.003,0.003,0,0,0.0062,0.0026666666666666666,0.003333333333333334,0.003733333333333334,0.009098039215686275,0.005714285714285713,0,0.88,16,group
0.20646033787431986,0.1067248994966386,0.12905861787632755,0.07933242650710144,0.1375183275562176,0.06837326766800451,0.1488837727129218,0.06632482031988672,0.16641442156154904,0.10895401682265525,0.074511978317726,0.08796534262950674,0.0883033950065924,0.16913074445744575,0.0656006656570124,0.07544470013417381,0.079638571201797,0.05996739241434894,0.10379834221822054,0.09085221555743603,0.07433013940970462,0.05135176362562759,0.10576462451205484,0.05302003733108995,0.16016688648095295,0.05803317704839443,0.08414282093385542,0.0501667672660462,0.07386504607730836,0.039783455633880534,0.055308571982759666,0.13420107258011965,0.10692704673098506,0.10829461315267766,0.133191260068434,0.06746249096776037,0.06902702284290521,0.027301736256574966,0.09913727844870664,0.16192241782789535,0.05909270711367484,0.18864791306543222,0.0754907000605885,0.049163160809510546,0.09548533846140336,0.2094640324886136,0.09655425553285336,0.0885806945424005,0.07067999320940498,0.14349255731480798,0.05644219358362581,0.09782773106241667,0.12450673663924265,0.12840801101085078,0.08220670553621875,0.10032770417100158,0.08543137218840632,0.040034941387115296,0.043503143716187194,0.07349650460229609,0.2242947716994461,0.057628107228329686,0.1274450844340478,0.029108146755205584,0.0994404782270487,0.05638467036231741,0.06379259825142178,0.1033640939779175,0.10318440537724043,0.0937785745036013,0.08748142082284975,0.0953054004360506,0.07317441187165324,0.09014580808003782,0.06743802236836766,0.0774501730797383,0.06098484478484478,0.07751091098455123,0.08178063311001842,0.08342117539380697,0.059035493395493396,0.057492333897986074,0.08085668971047652,0.10308624566016113,0.06251463062445199,0.058212928737928736,0.07690107035059529,0.08214611505366023,0.06652896128026561,0.05323391701563207,0.09612986283789635,0.05242585867969627,0.061690383504788254,0.055401109542631284,0.10506206030684291,0.06449275848145415,0.14576025702111312,0.10672555284798953,0.12687999713841147,0.06594590572719028,0.08635144301563738,0.12165368657107788,0.08590977453216543,0.13683972265207558,0.1327174718331145,0.10150074120387623,0.09802912063766368,0.07330511649849382,0.06463614388720645,0.06871857216857216,0.11957497366676544,0.07579258507985111,0.08432684420596506,0.10796558964498745,0.09481420320424269,0.06839089811886853,0.07574706804329202,0.08014427845537378,0.10727292799968324,0.09387294542059249,0.10074664945625765,0.09605987609564684,0.09419696135659018,0.11363185001273235,0.07458784311297262,0.06244371145635448,0.08529606038631724,0.05815213033343467,0.08101465065374604,0.09451958988723695,0.09062717912239955,0.07537265512265512,0.09470092687165266,0.07330205049680283,0.12314177935370148,0.0746570876753205,0.0894841649071899,0.09269991399984454,0.07506916864845743,0.07509793561427744,0.11336480263603027,0.07201749213608795,0.06895535221622177,0.13863374098654846,0.09955763531041313,0.13096938798044058,0.09143721654162829,0.10354211173878694,0.09648944701031657,0.11685524342806951,0.08872345929928924,0.07668763452921348,0.06553994199980917,0.07964477487424852,0.08639925582389431,0.04104467867076563,0.09693684493645305,0.1303185321214733,0.0818205368532977,0.13323677864294525,0.12328928373098977,0.07133067377063682,0.09735879323149144,0.1398827278581255,0.11681616940714028,0.031369477124183004,0.06536734401802358,0.09866339465298092,0.09741913719209423,0.10021058500331365,0.11454022258887499,0.05068317311343626,0.16660960704029137,0.07137087238043759,0.07680888219670828,0.10575669667291521,0.12371824730824733,0.04954974358974359,0.12300409644278788,0.09280586938073616,0.12096241412284271,0.07342116772116772,0.06732961020454968,0.09812707814434979,0.10153216963208143,0.07250990733210846,0.10888517568610523,0.1097853538655598,0.5,17,group
1.4666267640085273,2.155193222004957,1.5563103362897472,0.6064220253304601,0.2271858296230958,2.15863535122251,0.14007306629513522,0.21054475924931246,0.2866645572165628,0.48765105198575925,0.22435767621240552,0.14300593015239457,0.15516142930630628,0.25315000364477,0.7202964448847344,0.08858120353129426,0.06321131458840437,0.054411562602805046,0.279234057236097,0.07810967998289979,0.16688658921435784,0.13594029844760763,0.32569235224467774,0.1823007300678562,0.10346374357668474,0.15466083152197443,0.16078624272184644,0.10617234065795109,0.21166454713896843,0.030775396825396827,0.6677578405481986,0.026977485856002476,0.10446937803450794,0.041168630219054675,0.21336952225407999,0.07586566188108118,0.10383109779109778,0.12257066939146045,0.10160823851758835,0.07498525537212113,0.020939473684210525,0,0.04743455527138391,0.14135804377531513,0.009846153846153846,0.04503083689616198,0.08987325377131827,0.02325897435897436,0.06321093247286266,0,0.07000180232026243,0.06579436651576241,0.012892307692307692,0.10407250649680855,0.12956214724717838,0.030318249510469193,0.04021933621933621,0.11443680929490446,0.1722768026745562,0.0075,0.003666666666666668,0.01308235294117647,0.02094095238095238,0.04316458024857541,0.06822089366849485,0.03290909090909092,0.09121093076006118,0.006,0.006933333333333334,0,0,0,0.011996536796536797,0.01642424242424242,0.010773600668337512,0.030194638694638693,0,0,0.010755555555555556,0,0.22069521652509802,0.003714285714285715,0.003,0.007,0.01946764346764347,0.006714285714285715,0.10894425563543209,0.02775910364145658,0.018833333333333327,0.010933333333333333,0,0,0.003,0.010775757575757574,0,0.02038706391647568,0.024750216450216456,0,0.06007978336444762,0.003463203463203463,0.04795360195360195,0.00696969696969697,0.0026666666666666666,0.01700528559249787,0.018350427350427346,0.00923076923076923,0.009,0.0032,0.003666666666666668,0.01206060606060606,0.0197,0.0325802614379085,0,0.002,0.011218045112781959,0.003428571428571429,0,0.0026666666666666666,0,0.00375,0.011380952380952379,0.003714285714285715,0.013180419580419581,0.004666666666666666,0,0.011523809523809521,0.009777777777777778,0.003333333333333334,0.022790366721401206,0.003,0.003,0.0032,0.013585490196078428,0.002,0.012495238095238096,0.03400190476190477,0,0,0.007446153846153848,0.008914285714285715,0,0.007222222222222224,0.007058823529411764,0.003,0.0062,0.002,0.009666666666666664,0,0.011333333333333334,0,0.006,0.014684600389863547,0.018464285714285714,0.01005952380952381,0.003636363636363637,0,0.008,0,0.003,0.008,0.003333333333333334,0.003,0,0,0.005714285714285713,0.003463203463203463,0.009066666666666666,0.010675324675324678,0.024184343434343433,0.010158730158730157,0,0,0.0026666666666666666,0.00702857142857143,0.01719333333333333,0.005714285714285713,0.020965037593984964,0.014019047619047618,0.015947712418300654,0.003,0.006666666666666668,0.013212121212121213,0.0026666666666666666,0.0032,0.005866666666666667,0.01043859649122807,0,0.0026666666666666666,0.62,18,group
0.17333110469859425,0.17129149425453774,0.21610893523778427,0.1346350971725435,0.13230769072607662,0.16695648910999758,0.09471085140349846,0.11373258182537117,0.09027397625124675,0.08158402217432326,0.2044450331786269,0.06806534673422719,0.06626200932763547,0.08638758661817485,0.12298362927395183,0.06658056200587424,0.07025659550141819,0.10429200965802903,0.10215274296672983,0.0697826178685549,0.0746325326847066,0.06702591438489273,0.10505648482520266,0.03476277460817103,0.042038724753059115,0.04458889356257777,0.1114146754305356,0.10951722368905031,0.06083019280914017,0.06479281152358955,0.11569045651575363,0.1214049821378986,0.10500459932224637,0.07709419070287182,0.16888378205016996,0.08959452811017596,0.09143252425635924,0.0864487832429009,0.08626054569508079,0.10822103337838627,0.08551667076884467,0.14255600167124668,0.04812756132756131,0.0983554879347983,0.12638337856193838,0.10748753024753024,0.14883086738109955,0.053933508440030184,0.0654975122462079,0.08981489187330621,0.12609581443948165,0.10550646686835943,0.07613962152858976,0.06354976543295728,0.08708758589192024,0.049133689643689644,0.059140887923414126,0.1298620998609234,0.07752992932992932,0.08173432303517693,0.1544008097621183,0.0883708604049565,0.08948560640216345,0.09135578540233709,0.10903036492689744,0.026558903841256785,0.0930701674458553,0.09581404861060167,0.09942134578838646,0.08403056408242944,0.12648985887260736,0.08238265588408566,0.09219604504841414,0.08917607597716296,0.11017399487849351,0.06877126575340442,0.07917563547979592,0.08714292484192827,0.08581200983940152,0.09122195935262298,0.09055348084867049,0.06602060548147505,0.08699730824730825,0.07694479246243953,0.14623775865629413,0.05260559636821192,0.12274832859018296,0.0865896897386791,0.07729233000767556,0.08731520563126213,0.10649333203755362,0.07668652280165893,0.1337761197405147,0.10246406995834913,0.13064333292004052,0.07896635441852833,0.09010994828068834,0.10519326753457807,0.09514824829453312,0.07754369075369073,0.09036446299695726,0.07352797079530154,0.11005779105706273,0.09523299727425664,0.09085201994994745,0.07083774503274504,0.08988205585264407,0.07458303726924417,0.059655251103514155,0.06829701637105284,0.07094476336867642,0.10562446394240138,0.1543150570747987,0.086976927097361,0.09752051479944919,0.11777436421965831,0.07297244650774061,0.1170172163003213,0.08156982754994291,0.07165112531435114,0.09665755364804897,0.07862004323363672,0.059217439272430186,0.04214623546388252,0.06678231842231841,0.09658460456979728,0.08952754567753585,0.07019486607525656,0.08978851193763993,0.079738206483198,0.08241925041377374,0.10298565886043116,0.09764812842945272,0.12032308390657669,0.08259799649954448,0.11139694819423171,0.12456185477041888,0.07309391777125523,0.07867111695068214,0.10732010077641396,0.12571037762035692,0.13057258478806147,0.060923697872435595,0.09494597089500627,0.1036308016894055,0.07885364771107808,0.1023226911696398,0.08627983346363902,0.12282189086540263,0.08370454151583182,0.10457796276800185,0.08841149893679306,0.1448984702664979,0.08734460704987022,0.0863803217829495,0.09369867011030444,0.08085045939438185,0.07273323071264248,0.08087154306424257,0.07157083020360061,0.04864356532356532,0.08180994117681427,0.06990352929100557,0.048718017797627994,0.05887503964602187,0.06909338292110011,0.07201815864771174,0.07270691416454426,0.07605973835720288,0.07063358002282487,0.13825463371877167,0.09925573711919354,0.05700164767777559,0.08369697645349822,0.0775781442854448,0.06179788479494363,0.10093195997980603,0.06127077080189689,0.07238345510698452,0.10167245231341451,0.12096747204486337,0.11500259247037836,0.049239253985578844,0.07730656051894445,0.0683589880465974,0.08385177988580868,0.09615811347568062,0.06202093119145972,0.5,19,group
0.7917691439680806,1.6771707304548247,1.1226454474105798,0.5850389886317551,0.2879906692844511,1.2268794319686764,0.11843658422781479,0.1722655262044009,0.25746813240997174,0.19240986089933457,0.6570491199902341,0.17242538499127738,0.2974424196137967,0.7076592798032817,0.34579711115396594,0.10916736908253036,0.19089544971861566,0.27598063563857217,0.4652947790522865,0.13153160534086095,0.2785805630544505,0.1740235494878583,0.20135679640430823,0.3065371060035425,0.10845222533034488,0.2715041086945621,0.14385844137974169,0.13994098664505356,0.11464174389450923,0.14338456148120438,0.11491499114412156,0.4014920065916382,0.0809711990907643,0.05269957441913963,0.03954637681159422,0.12791336760710167,0.1017662686012531,0.06759989483512704,0.27476778842546107,0.10768108395804452,0.037595472192066624,0.039475995944555774,0.04614360349645718,0.0979644643653059,0.06375806041890351,0.12862328017496022,0.08478454873945517,0.10330465393110387,0.10475547038397472,0.10355170077945104,0.2558621564478097,0.11895634047754791,0.045333992673992685,0.30835486455462796,0.13719405535836615,0.022050505050505053,0.04339512862616311,0.03512352092352092,0.18730445644024588,0.4577904581783119,0.07522540270177644,0.07637363755407235,0.038868625634845846,0.06032277167277166,0.17712294133227888,0.10619602794865951,0.04095592822636301,0,0.006,0.0026666666666666666,0,0.017810606060606058,0.014077192982456141,0.014247619047619047,0.02073927293149261,0.020626710544357607,0.010066666666666668,0,0.003,0.013114285714285715,0.17264018654114757,0,0.009,0.005714285714285713,0.039996011396011395,0.010415686274509804,0.008222222222222221,0.010258823529411763,0.017966257896692685,0.007764705882352942,0.010158974358974357,0.0052,0.002,0.0032,0,0.02168571428571429,0.10211850476206513,0.0038095238095238104,0.08234141838553603,0.003333333333333334,0.02626402224514747,0.003333333333333334,0.020093604234565333,0.05684939792008757,0.009333333333333334,0.006933333333333336,0,0.007333333333333336,0.015249791144527982,0.014952380952380953,0.0026666666666666666,0.012985507246376817,0.0026666666666666666,0.0026666666666666666,0.019013709508881923,0.006222222222222221,0,0.0026666666666666666,0.003,0.003507246376811594,0.016533150183150182,0.014505494505494508,0.003333333333333334,0.003,0,0,0,0.003666666666666668,0.008333333333333331,0.00375,0.003,0.0032,0.003,0,0.010794258373205743,0,0.010400000000000003,0.009133333333333334,0.013294646873594242,0.0032,0,0.003,0.009,0.020935064935064942,0.006555555555555556,0.009428571428571429,0.007058823529411764,0.006035714285714285,0.006666666666666668,0.006,0.009840000000000005,0.007369696969696971,0.010304347826086954,0.0017999999999999971,0.0032,0,0.014733333333333338,0.008666666666666666,0.012742857142857144,0,0,0.010711111111111112,0,0.002,0.006053754940711462,0.0056111111111111145,0.012084057971014497,0.010266666666666669,0,0.009904761904761908,0.0034380952380952436,0,0.01834210526315789,0,0,0.006,0.013947712418300652,0.02528484848484849,0.003,0.01079757085020243,0,0,0,0.0034380952380952436,0.003666666666666668,0.0037777777777777788,0.008187675070028011,0.0032,0.94,20,group
